<?xml version="1.0" encoding="UTF-8"?>
<project-private xmlns="http://www.netbeans.org/ns/project-private/1">
    <editor-bookmarks xmlns="http://www.netbeans.org/ns/editor-bookmarks/2" lastBookmarkId="0"/>
    <open-files xmlns="http://www.netbeans.org/ns/projectui-open-files/2">
        <group>
            <file>file:/D:/TableTop/SpreadsheetP8/SpreadsheetP8/jExcel/src/jExcel/Text.java</file>
            <file>file:/D:/TableTop/SpreadsheetP8/SpreadsheetP8/jExcel/src/jExcel/Spreadsheet.java</file>
            <file>file:/D:/TableTop/SpreadsheetP8/SpreadsheetP8/jExcel/src/jExcel/Window.java</file>
            <file>file:/D:/TableTop/SpreadsheetP8/SpreadsheetP8/jExcel/src/jExcel/Book.java</file>
            <file>file:/D:/TableTop/SpreadsheetP8/SpreadsheetP8/jExcel/src/jExcel/Cell.java</file>
            <file>file:/D:/TableTop/SpreadsheetP8/SpreadsheetP8/jExcel/src/jExcel/resultValue.java</file>
            <file>file:/D:/TableTop/SpreadsheetP8/SpreadsheetP8/jExcel/src/jExcel/Sheet.java</file>
            <file>file:/D:/TableTop/SpreadsheetP8/SpreadsheetP8/jExcel/src/jExcel/test.java</file>
            <file>file:/D:/TableTop/SpreadsheetP8/SpreadsheetP8/jExcel/src/jExcel/General.java</file>
            <file>file:/D:/TableTop/SpreadsheetP8/SpreadsheetP8/jExcel/src/jExcel/SheetModel.java</file>
            <file>file:/D:/TableTop/SpreadsheetP8/SpreadsheetP8/jExcel/src/jExcel/Number.java</file>
            <file>file:/D:/TableTop/SpreadsheetP8/SpreadsheetP8/jExcel/src/jExcel/Angle.java</file>
            <file>file:/D:/TableTop/SpreadsheetP8/SpreadsheetP8/jExcel/src/jExcel/Currency.java</file>
            <file>file:/D:/TableTop/SpreadsheetP8/SpreadsheetP8/jExcel/src/jExcel/XMLPharser.java</file>
            <file>file:/D:/TableTop/SpreadsheetP8/SpreadsheetP8/jExcel/src/jExcel/InfixExpression.java</file>
        </group>
    </open-files>
</project-private>
